 {
   "context": "client",
   "identifier": "https://forums.planetaryannihilation.com/threads/star-annihilation.73496/",
   "display_name": "Star Annihilation",
   "description": "The first release of a starwars pack, current unit: The Tie Fighter",
   "author": "renevds",
   "version": "0.1",
   "build": "114803",
   "date": "2020-08-09",
   "signature": "not yet implemented",
   "forum": "https://forums.planetaryannihilation.com/threads/star-annihilation.73496/",
   "priority": 100,
   "icon": "https://i.imgur.com/hXcaDh9.png",
   "category": ["titans","classic","units"]
 }